DATE,DJIA Value
1/12/09,8473.97
1/13/09,8448.56
1/14/09,8200.14
1/15/09,8212.49
1/16/09,8281.22
1/19/09,.
1/20/09,7949.09
1/21/09,8228.1
1/22/09,8122.8
1/23/09,8077.56
1/26/09,8116.03
1/27/09,8174.73
1/28/09,8375.45
1/29/09,8149.01
1/30/09,8000.86
2/2/09,7936.83
2/3/09,8078.36
2/4/09,7956.66
2/5/09,8063.07
2/6/09,8280.59
2/9/09,8270.87
2/10/09,7888.88
2/11/09,7939.53
2/12/09,7932.76
2/13/09,7850.41
2/16/09,.
2/17/09,7552.6
2/18/09,7555.63
2/19/09,7465.95
2/20/09,7365.67
2/23/09,7114.78
2/24/09,7350.94
2/25/09,7270.89
2/26/09,7182.08
2/27/09,7062.93
3/2/09,6763.29
3/3/09,6726.02
3/4/09,6875.84
3/5/09,6594.44
3/6/09,6626.94
3/9/09,6547.05
3/10/09,6926.49
3/11/09,6930.4
3/12/09,7170.06
3/13/09,7223.98
3/16/09,7216.97
3/17/09,7395.7
3/18/09,7486.58
3/19/09,7400.8
3/20/09,7278.38
3/23/09,7775.86
3/24/09,7659.97
3/25/09,7749.81
3/26/09,7924.56
3/27/09,7776.18
3/30/09,7522.02
3/31/09,7608.92
4/1/09,7761.6
4/2/09,7978.08
4/3/09,8017.59
4/6/09,7975.85
4/7/09,7789.56
4/8/09,7837.11
4/9/09,8083.38
4/10/09,.
4/13/09,8057.81
4/14/09,7920.18
4/15/09,8029.62
4/16/09,8125.43
4/17/09,8131.33
4/20/09,7841.73
4/21/09,7969.56
4/22/09,7886.57
4/23/09,7957.06
4/24/09,8076.29
4/27/09,8025
4/28/09,8016.95
4/29/09,8185.73
4/30/09,8168.12
5/1/09,8212.41
5/4/09,8426.74
5/5/09,8410.65
5/6/09,8512.28
5/7/09,8409.85
5/8/09,8574.65
5/11/09,8418.77
5/12/09,8469.11
5/13/09,8284.89
5/14/09,8331.32
5/15/09,8268.64
5/18/09,8504.08
5/19/09,8474.85
5/20/09,8422.04
5/21/09,8292.13
5/22/09,8277.32
5/25/09,.
5/26/09,8473.49
5/27/09,8300.02
5/28/09,8403.8
5/29/09,8500.33
6/1/09,8721.44
6/2/09,8740.87
6/3/09,8675.28
6/4/09,8750.24
6/5/09,8763.13
6/8/09,8764.49
6/9/09,8763.06
6/10/09,8739.02
6/11/09,8770.92
6/12/09,8799.26
6/15/09,8612.13
6/16/09,8504.67
6/17/09,8497.18
6/18/09,8555.6
6/19/09,8539.73
6/22/09,8339.01
6/23/09,8322.91
6/24/09,8299.86
6/25/09,8472.4
6/26/09,8438.39
6/29/09,8529.38
6/30/09,8447
7/1/09,8504.06
7/2/09,8280.74
7/3/09,.
7/6/09,8324.87
7/7/09,8163.6
7/8/09,8178.41
7/9/09,8183.17
7/10/09,8146.52
7/13/09,8331.68
7/14/09,8359.49
7/15/09,8616.21
7/16/09,8711.82
7/17/09,8743.94
7/20/09,8848.15
7/21/09,8915.94
7/22/09,8881.26
7/23/09,9069.29
7/24/09,9093.24
7/27/09,9108.51
7/28/09,9096.72
7/29/09,9070.72
7/30/09,9154.46
7/31/09,9171.61
8/3/09,9286.56
8/4/09,9320.19
8/5/09,9280.97
8/6/09,9256.26
8/7/09,9370.07
8/10/09,9337.95
8/11/09,9241.45
8/12/09,9361.61
8/13/09,9398.19
8/14/09,9321.4
8/17/09,9135.34
8/18/09,9217.94
8/19/09,9279.16
8/20/09,9350.05
8/21/09,9505.96
8/24/09,9509.28
8/25/09,9539.29
8/26/09,9543.52
8/27/09,9580.63
8/28/09,9544.2
8/31/09,9496.28
9/1/09,9310.6
9/2/09,9280.67
9/3/09,9344.61
9/4/09,9441.27
9/7/09,.
9/8/09,9497.34
9/9/09,9547.22
9/10/09,9627.48
9/11/09,9605.41
9/14/09,9626.8
9/15/09,9683.41
9/16/09,9791.71
9/17/09,9783.92
9/18/09,9820.2
9/21/09,9778.86
9/22/09,9829.87
9/23/09,9748.55
9/24/09,9707.44
9/25/09,9665.19
9/28/09,9789.36
9/29/09,9742.2
9/30/09,9712.28
10/1/09,9509.28
10/2/09,9487.67
10/5/09,9599.75
10/6/09,9731.25
10/7/09,9725.58
10/8/09,9786.87
10/9/09,9864.94
10/12/09,9885.8
10/13/09,9871.06
10/14/09,10015.86
10/15/09,10062.94
10/16/09,9995.91
10/19/09,10092.19
10/20/09,10041.48
10/21/09,9949.36
10/22/09,10081.31
10/23/09,9972.18
10/26/09,9867.96
10/27/09,9882.17
10/28/09,9762.69
10/29/09,9962.58
10/30/09,9712.73
11/2/09,9789.44
11/3/09,9771.91
11/4/09,9802.14
11/5/09,10005.96
11/6/09,10023.42
11/9/09,10226.94
11/10/09,10246.97
11/11/09,10291.26
11/12/09,10197.47
11/13/09,10270.47
11/16/09,10406.96
11/17/09,10437.42
11/18/09,10426.31
11/19/09,10332.44
11/20/09,10318.16
11/23/09,10450.95
11/24/09,10433.71
11/25/09,10464.4
11/26/09,.
11/27/09,10309.92
11/30/09,10344.84
12/1/09,10471.58
12/2/09,10452.68
12/3/09,10366.15
12/4/09,10388.9
12/7/09,10390.11
12/8/09,10285.97
12/9/09,10337.05
12/10/09,10405.83
12/11/09,10471.5
12/14/09,10501.05
12/15/09,10452
12/16/09,10441.12
12/17/09,10308.26
12/18/09,10328.89
12/21/09,10414.14
12/22/09,10464.93
12/23/09,10466.44
12/24/09,10520.1
12/25/09,.
12/28/09,10547.08
12/29/09,10545.41
12/30/09,10548.51
12/31/09,10428.05
1/1/10,.
1/4/10,10583.96
1/5/10,10572.02
1/6/10,10573.68
1/7/10,10606.86
1/8/10,10618.19
1/11/10,10663.99
1/12/10,10627.26
1/13/10,10680.77
1/14/10,10710.55
1/15/10,10609.65
1/18/10,.
1/19/10,10725.43
1/20/10,10603.15
1/21/10,10389.88
1/22/10,10172.98
1/25/10,10196.86
1/26/10,10194.29
1/27/10,10236.16
1/28/10,10120.46
1/29/10,10067.33
2/1/10,10185.53
2/2/10,10296.85
2/3/10,10270.55
2/4/10,10002.18
2/5/10,10012.23
2/8/10,9908.39
2/9/10,10058.64
2/10/10,10038.38
2/11/10,10144.19
2/12/10,10099.14
2/15/10,.
2/16/10,10268.81
2/17/10,10309.24
2/18/10,10392.9
2/19/10,10402.35
2/22/10,10383.38
2/23/10,10282.41
2/24/10,10374.16
2/25/10,10321.03
2/26/10,10325.26
3/1/10,10403.79
3/2/10,10405.98
3/3/10,10396.76
3/4/10,10444.14
3/5/10,10566.2
3/8/10,10552.52
3/9/10,10564.38
3/10/10,10567.33
3/11/10,10611.84
3/12/10,10624.69
3/15/10,10642.15
3/16/10,10685.98
3/17/10,10733.67
3/18/10,10779.17
3/19/10,10741.98
3/22/10,10785.89
3/23/10,10888.83
3/24/10,10836.15
3/25/10,10841.21
3/26/10,10850.36
3/29/10,10895.86
3/30/10,10907.42
3/31/10,10856.63
4/1/10,10927.07
4/2/10,.
4/5/10,10973.55
4/6/10,10969.99
4/7/10,10897.52
4/8/10,10927.07
4/9/10,10997.35
4/12/10,11005.97
4/13/10,11019.42
4/14/10,11123.11
4/15/10,11144.57
4/16/10,11018.66
4/19/10,11092.05
4/20/10,11117.06
4/21/10,11124.92
4/22/10,11134.29
4/23/10,11204.28
4/26/10,11205.03
4/27/10,10991.99
4/28/10,11045.27
4/29/10,11167.32
4/30/10,11008.61
5/3/10,11151.83
5/4/10,10926.77
5/5/10,10868.12
5/6/10,10520.32
5/7/10,10380.43
5/10/10,10785.14
5/11/10,10748.26
5/12/10,10896.91
5/13/10,10782.95
5/14/10,10620.16
5/17/10,10625.83
5/18/10,10510.95
5/19/10,10444.37
5/20/10,10068.01
5/21/10,10193.39
5/24/10,10066.57
5/25/10,10043.75
5/26/10,9974.45
5/27/10,10258.99
5/28/10,10136.63
5/31/10,.
6/1/10,10024.02
6/2/10,10249.54
6/3/10,10255.28
6/4/10,9931.97
6/7/10,9816.49
6/8/10,9939.98
6/9/10,9899.25
6/10/10,10172.53
6/11/10,10211.07
6/14/10,10190.89
6/15/10,10404.77
6/16/10,10409.46
6/17/10,10434.17
6/18/10,10450.64
6/21/10,10442.41
6/22/10,10293.52
6/23/10,10298.44
6/24/10,10152.8
6/25/10,10143.81
6/28/10,10138.52
6/29/10,9870.3
6/30/10,9774.02
7/1/10,9732.53
7/2/10,9686.48
7/5/10,.
7/6/10,9743.62
7/7/10,10018.28
7/8/10,10138.99
7/9/10,10198.03
7/12/10,10216.27
7/13/10,10363.02
7/14/10,10366.72
7/15/10,10359.31
7/16/10,10097.9
7/19/10,10154.43
7/20/10,10229.96
7/21/10,10120.53
7/22/10,10322.3
7/23/10,10424.62
7/26/10,10525.43
7/27/10,10537.69
7/28/10,10497.88
7/29/10,10467.16
7/30/10,10465.94
8/2/10,10674.38
8/3/10,10636.38
8/4/10,10680.43
8/5/10,10674.98
8/6/10,10653.56
8/9/10,10698.75
8/10/10,10644.25
8/11/10,10378.83
8/12/10,10319.95
8/13/10,10303.15
8/16/10,10302.01
8/17/10,10405.85
8/18/10,10415.54
8/19/10,10271.21
8/20/10,10213.62
8/23/10,10174.41
8/24/10,10040.45
8/25/10,10060.06
8/26/10,9985.81
8/27/10,10150.65
8/30/10,10009.73
8/31/10,10014.72
9/1/10,10269.47
9/2/10,10320.1
9/3/10,10447.93
9/6/10,.
9/7/10,10340.69
9/8/10,10387.01
9/9/10,10415.24
9/10/10,10462.77
9/13/10,10544.13
9/14/10,10526.49
9/15/10,10572.73
9/16/10,10594.83
9/17/10,10607.85
9/20/10,10753.62
9/21/10,10761.03
9/22/10,10739.31
9/23/10,10662.42
9/24/10,10860.26
9/27/10,10812.04
9/28/10,10858.14
9/29/10,10835.28
9/30/10,10788.05
10/1/10,10829.68
10/4/10,10751.27
10/5/10,10944.72
10/6/10,10967.65
10/7/10,10948.58
10/8/10,11006.48
10/11/10,11010.34
10/12/10,11020.4
10/13/10,11096.08
10/14/10,11094.57
10/15/10,11062.78
10/18/10,11143.69
10/19/10,10978.62
10/20/10,11107.97
10/21/10,11146.57
10/22/10,11132.56
10/25/10,11164.05
10/26/10,11169.46
10/27/10,11126.28
10/28/10,11113.95
10/29/10,11118.49
11/1/10,11124.62
11/2/10,11188.72
11/3/10,11215.13
11/4/10,11434.84
11/5/10,11444.08
11/8/10,11406.84
11/9/10,11346.75
11/10/10,11357.04
11/11/10,11283.1
11/12/10,11192.58
11/15/10,11201.97
11/16/10,11023.5
11/17/10,11007.88
11/18/10,11181.23
11/19/10,11203.55
11/22/10,11178.58
11/23/10,11036.37
11/24/10,11187.28
11/25/10,.
11/26/10,11092
11/29/10,11052.49
11/30/10,11006.02
12/1/10,11255.78
12/2/10,11362.41
12/3/10,11382.09
12/6/10,11362.19
12/7/10,11359.16
12/8/10,11372.48
12/9/10,11370.06
12/10/10,11410.32
12/13/10,11428.56
12/14/10,11476.54
12/15/10,11457.47
12/16/10,11499.25
12/17/10,11491.91
12/20/10,11478.13
12/21/10,11533.16
12/22/10,11559.49
12/23/10,11573.49
12/24/10,.
12/27/10,11555.03
12/28/10,11575.54
12/29/10,11585.38
12/30/10,11569.71
12/31/10,11577.51
1/3/11,11670.75
1/4/11,11691.18
1/5/11,11722.89
1/6/11,11697.31
1/7/11,11674.76
1/10/11,11637.45
1/11/11,11671.88
1/12/11,11755.44
1/13/11,11731.9
1/14/11,11787.38
1/17/11,.
1/18/11,11837.93
1/19/11,11825.29
1/20/11,11822.8
1/21/11,11871.84
1/24/11,11980.52
1/25/11,11977.19
1/26/11,11985.44
1/27/11,11989.83
1/28/11,11823.7
1/31/11,11891.93
2/1/11,12040.16
2/2/11,12041.97
2/3/11,12062.26
2/4/11,12092.15
2/7/11,12161.63
2/8/11,12233.15
2/9/11,12239.89
2/10/11,12229.29
2/11/11,12273.26
2/14/11,12268.19
2/15/11,12226.64
2/16/11,12288.17
2/17/11,12318.14
2/18/11,12391.25
2/21/11,.
2/22/11,12212.79
2/23/11,12105.78
2/24/11,12068.5
2/25/11,12130.45
2/28/11,12226.34
3/1/11,12058.02
3/2/11,12066.8
3/3/11,12258.2
3/4/11,12169.88
3/7/11,12090.03
3/8/11,12214.38
3/9/11,12213.09
3/10/11,11984.61
3/11/11,12044.4
3/14/11,11993.16
3/15/11,11855.42
3/16/11,11613.3
3/17/11,11774.59
3/18/11,11858.52
3/21/11,12036.53
3/22/11,12018.63
3/23/11,12086.02
3/24/11,12170.56
3/25/11,12220.59
3/28/11,12197.88
3/29/11,12279.01
3/30/11,12350.61
3/31/11,12319.73
4/1/11,12376.72
4/4/11,12400.03
4/5/11,12393.9
4/6/11,12426.75
4/7/11,12409.49
4/8/11,12380.05
4/11/11,12381.11
4/12/11,12263.58
4/13/11,12270.99
4/14/11,12285.15
4/15/11,12341.83
4/18/11,12201.59
4/19/11,12266.75
4/20/11,12453.54
4/21/11,12505.99
4/22/11,.
4/25/11,12479.88
4/26/11,12595.37
4/27/11,12690.96
4/28/11,12763.31
4/29/11,12810.54
5/2/11,12807.36
5/3/11,12807.51
5/4/11,12723.58
5/5/11,12584.17
5/6/11,12638.74
5/9/11,12684.68
5/10/11,12760.36
5/11/11,12630.03
5/12/11,12695.92
5/13/11,12595.75
5/16/11,12548.37
5/17/11,12479.58
5/18/11,12560.18
5/19/11,12605.32
5/20/11,12512.04
5/23/11,12381.26
5/24/11,12356.21
5/25/11,12394.66
5/26/11,12402.76
5/27/11,12441.58
5/30/11,.
5/31/11,12569.79
6/1/11,12290.14
6/2/11,12248.55
6/3/11,12151.26
6/6/11,12089.96
6/7/11,12070.81
6/8/11,12048.94
6/9/11,12124.36
6/10/11,11951.91
6/13/11,11952.97
6/14/11,12076.11
6/15/11,11897.27
6/16/11,11961.52
6/17/11,12004.36
6/20/11,12080.38
6/21/11,12190.01
6/22/11,12109.67
6/23/11,12050
6/24/11,11934.58
6/27/11,12043.56
6/28/11,12188.69
6/29/11,12261.42
6/30/11,12414.34
7/1/11,12582.77
7/4/11,.
7/5/11,12569.87
7/6/11,12626.02
7/7/11,12719.49
7/8/11,12657.2
7/11/11,12505.76
7/12/11,12446.88
7/13/11,12491.61
7/14/11,12437.12
7/15/11,12479.73
7/18/11,12385.16
7/19/11,12587.42
7/20/11,12571.91
7/21/11,12724.41
7/22/11,12681.16
7/25/11,12592.8
7/26/11,12501.3
7/27/11,12302.55
7/28/11,12240.11
7/29/11,12143.24
8/1/11,12132.49
8/2/11,11866.62
8/3/11,11896.44
8/4/11,11383.68
8/5/11,11444.61
8/8/11,10809.85
8/9/11,11239.77
8/10/11,10719.94
8/11/11,11143.31
8/12/11,11269.02
8/15/11,11482.9
8/16/11,11405.93
8/17/11,11410.21
8/18/11,10990.58
8/19/11,10817.65
8/22/11,10854.65
8/23/11,11176.76
8/24/11,11320.71
8/25/11,11149.82
8/26/11,11284.54
8/29/11,11539.25
8/30/11,11559.95
8/31/11,11613.53
9/1/11,11493.57
9/2/11,11240.26
9/5/11,.
9/6/11,11139.3
9/7/11,11414.86
9/8/11,11295.81
9/9/11,10992.13
9/12/11,11061.12
9/13/11,11105.85
9/14/11,11246.73
9/15/11,11433.18
9/16/11,11509.09
9/19/11,11401.01
9/20/11,11408.66
9/21/11,11124.84
9/22/11,10733.83
9/23/11,10771.48
9/26/11,11043.86
9/27/11,11190.69
9/28/11,11010.9
9/29/11,11153.98
9/30/11,10913.38
10/3/11,10655.3
10/4/11,10808.71
10/5/11,10939.95
10/6/11,11123.33
10/7/11,11103.12
10/10/11,11433.18
10/11/11,11416.3
10/12/11,11518.85
10/13/11,11478.13
10/14/11,11644.49
10/17/11,11397
10/18/11,11577.05
10/19/11,11504.62
10/20/11,11541.78
10/21/11,11808.79
10/24/11,11913.62
10/25/11,11706.62
10/26/11,11869.04
10/27/11,12208.55
10/28/11,12231.11
10/31/11,11955.01
11/1/11,11657.96
11/2/11,11836.04
11/3/11,12044.47
11/4/11,11983.24
11/7/11,12068.39
11/8/11,12170.18
11/9/11,11780.94
11/10/11,11893.79
11/11/11,12153.68
11/14/11,12078.98
11/15/11,12096.16
11/16/11,11905.59
11/17/11,11770.73
11/18/11,11796.16
11/21/11,11547.31
11/22/11,11493.72
11/23/11,11257.55
11/24/11,.
11/25/11,11231.78
11/28/11,11523.01
11/29/11,11555.63
11/30/11,12045.68
12/1/11,12020.03
12/2/11,12019.42
12/5/11,12097.83
12/6/11,12150.13
12/7/11,12196.37
12/8/11,11997.7
12/9/11,12184.26
12/12/11,12021.39
12/13/11,11954.94
12/14/11,11823.48
12/15/11,11868.81
12/16/11,11866.39
12/19/11,11766.26
12/20/11,12103.58
12/21/11,12107.74
12/22/11,12169.65
12/23/11,12294
12/26/11,.
12/27/11,12291.35
12/28/11,12151.41
12/29/11,12287.04
12/30/11,12217.56
1/2/12,.
1/3/12,12397.38
1/4/12,12418.42
1/5/12,12415.7
1/6/12,12359.92
1/9/12,12392.69
1/10/12,12462.47
1/11/12,12449.45
1/12/12,12471.02
1/13/12,12422.06
1/16/12,.
1/17/12,12482.07
1/18/12,12578.95
1/19/12,12623.98
1/20/12,12720.48
1/23/12,12708.82
1/24/12,12675.75
1/25/12,12756.96
1/26/12,12734.63
1/27/12,12660.46
1/30/12,12653.72
1/31/12,12632.91
2/1/12,12716.46
2/2/12,12705.41
2/3/12,12862.23
2/6/12,12845.13
2/7/12,12878.2
2/8/12,12883.95
2/9/12,12890.46
2/10/12,12801.23
2/13/12,12874.04
2/14/12,12878.28
2/15/12,12780.95
2/16/12,12904.08
2/17/12,12949.87
2/20/12,.
2/21/12,12965.69
2/22/12,12938.67
2/23/12,12984.69
2/24/12,12982.95
2/27/12,12981.51
2/28/12,13005.12
2/29/12,12952.07
3/1/12,12980.3
3/2/12,12977.57
3/5/12,12962.81
3/6/12,12759.15
3/7/12,12837.33
3/8/12,12907.94
3/9/12,12922.02
3/12/12,12959.71
3/13/12,13177.68
3/14/12,13194.1
3/15/12,13252.76
3/16/12,13232.62
3/19/12,13239.13
3/20/12,13170.19
3/21/12,13124.62
3/22/12,13046.14
3/23/12,13080.73
3/26/12,13241.63
3/27/12,13197.73
3/28/12,13126.21
3/29/12,13145.82
3/30/12,13212.04
4/2/12,13264.49
4/3/12,13199.55
4/4/12,13074.75
4/5/12,13060.14
4/6/12,.
4/9/12,12929.59
4/10/12,12715.93
4/11/12,12805.39
4/12/12,12986.58
4/13/12,12849.59
4/16/12,12921.41
4/17/12,13115.54
4/18/12,13032.75
4/19/12,12964.1
4/20/12,13029.26
4/23/12,12927.17
4/24/12,13001.56
4/25/12,13090.72
4/26/12,13204.62
4/27/12,13228.31
4/30/12,13213.63
5/1/12,13279.32
5/2/12,13268.57
5/3/12,13206.59
5/4/12,13038.27
5/7/12,13008.53
5/8/12,12932.09
5/9/12,12835.06
5/10/12,12855.04
5/11/12,12820.6
5/14/12,12695.35
5/15/12,12632
5/16/12,12598.55
5/17/12,12442.49
5/18/12,12369.38
5/21/12,12504.48
5/22/12,12502.81
5/23/12,12496.15
5/24/12,12529.75
5/25/12,12454.83
5/28/12,.
5/29/12,12580.69
5/30/12,12419.86
5/31/12,12393.45
6/1/12,12118.57
6/4/12,12101.46
6/5/12,12127.95
6/6/12,12414.79
6/7/12,12460.96
6/8/12,12554.2
6/11/12,12411.23
6/12/12,12573.8
6/13/12,12496.38
6/14/12,12651.91
6/15/12,12767.17
6/18/12,12741.82
6/19/12,12837.33
6/20/12,12824.39
6/21/12,12573.57
6/22/12,12640.78
6/25/12,12502.66
6/26/12,12534.67
6/27/12,12627.01
6/28/12,12602.26
6/29/12,12880.09
7/2/12,12871.39
7/3/12,12943.82
7/4/12,.
7/5/12,12896.67
7/6/12,12772.47
7/9/12,12736.29
7/10/12,12653.12
7/11/12,12604.53
7/12/12,12573.27
7/13/12,12777.09
7/16/12,12727.21
7/17/12,12805.54
7/18/12,12908.7
7/19/12,12943.36
7/20/12,12822.57
7/23/12,12721.46
7/24/12,12617.32
7/25/12,12676.05
7/26/12,12887.93
7/27/12,13075.66
7/30/12,13073.01
7/31/12,13008.68
8/1/12,12971.06
8/2/12,12878.88
8/3/12,13096.17
8/6/12,13117.51
8/7/12,13168.6
8/8/12,13175.64
8/9/12,13165.19
8/10/12,13207.95
8/13/12,13169.43
8/14/12,13172.14
8/15/12,13164.78
8/16/12,13250.11
8/17/12,13275.2
8/20/12,13271.64
8/21/12,13203.58
8/22/12,13172.76
8/23/12,13057.46
8/24/12,13157.97
8/27/12,13124.67
8/28/12,13102.99
8/29/12,13107.48
8/30/12,13000.71
8/31/12,13090.84
9/3/12,.
9/4/12,13035.94
9/5/12,13047.48
9/6/12,13292
9/7/12,13306.64
9/10/12,13254.29
9/11/12,13323.36
9/12/12,13333.35
9/13/12,13539.86
9/14/12,13593.37
9/17/12,13553.1
9/18/12,13564.64
9/19/12,13577.96
9/20/12,13596.93
9/21/12,13579.47
9/24/12,13558.92
9/25/12,13457.55
9/26/12,13413.51
9/27/12,13485.97
9/28/12,13437.13
10/1/12,13515.11
10/2/12,13482.36
10/3/12,13494.61
10/4/12,13575.36
10/5/12,13610.15
10/8/12,13583.65
10/9/12,13473.53
10/10/12,13344.97
10/11/12,13326.39
10/12/12,13328.85
10/15/12,13424.23
10/16/12,13551.78
10/17/12,13557
10/18/12,13548.94
10/19/12,13343.51
10/22/12,13345.89
10/23/12,13102.53
10/24/12,13077.34
10/25/12,13103.68
10/26/12,13107.21
10/29/12,.
10/30/12,.
10/31/12,13096.46
11/1/12,13232.62
11/2/12,13093.16
11/5/12,13112.44
11/6/12,13245.68
11/7/12,12932.73
11/8/12,12811.32
11/9/12,12815.39
11/12/12,12815.08
11/13/12,12756.18
11/14/12,12570.95
11/15/12,12542.38
11/16/12,12588.31
11/19/12,12795.96
11/20/12,12788.51
11/21/12,12836.89
11/22/12,.
11/23/12,13009.68
11/26/12,12967.37
11/27/12,12878.13
11/28/12,12985.11
11/29/12,13021.82
11/30/12,13025.58
12/3/12,12965.6
12/4/12,12951.78
12/5/12,13034.49
12/6/12,13074.04
12/7/12,13155.13
12/10/12,13169.88
12/11/12,13248.44
12/12/12,13245.45
12/13/12,13170.72
12/14/12,13135.01
12/17/12,13235.39
12/18/12,13350.96
12/19/12,13251.97
12/20/12,13311.72
12/21/12,13190.84
12/24/12,13139.08
12/25/12,.
12/26/12,13114.59
12/27/12,13096.31
12/28/12,12938.11
12/31/12,13104.14
1/1/13,.
1/2/13,13412.55
1/3/13,13391.36
1/4/13,13435.21
1/7/13,13384.29
1/8/13,13328.85
1/9/13,13390.51
1/10/13,13471.22
1/11/13,13488.43
1/14/13,13507.32
1/15/13,13534.89
1/16/13,13511.23
1/17/13,13596.02
1/18/13,13649.7
1/21/13,.
1/22/13,13712.21
1/23/13,13779.33
1/24/13,13825.33
1/25/13,13895.98
1/28/13,13881.93
1/29/13,13954.42
1/30/13,13910.42
1/31/13,13860.58
2/1/13,14009.79
2/4/13,13880.08
2/5/13,13979.3
2/6/13,13986.52
2/7/13,13944.05
2/8/13,13992.97
2/11/13,13971.24
2/12/13,14018.7
2/13/13,13982.91
2/14/13,13973.39
2/15/13,13981.76
2/18/13,.
2/19/13,14035.67
2/20/13,13927.54
2/21/13,13880.62
2/22/13,14000.57
2/25/13,13784.17
2/26/13,13900.13
2/27/13,14075.37
2/28/13,14054.49
3/1/13,14089.66
3/4/13,14127.82
3/5/13,14253.77
3/6/13,14296.24
3/7/13,14329.49
3/8/13,14397.07
3/11/13,14447.29
3/12/13,14450.06
3/13/13,14455.28
3/14/13,14539.14
3/15/13,14514.11
3/18/13,14452.06
3/19/13,14455.82
3/20/13,14511.73
3/21/13,14421.49
3/22/13,14512.03
3/25/13,14447.75
3/26/13,14559.65
3/27/13,14526.16
3/28/13,14578.54
3/29/13,.
4/1/13,14572.85
4/2/13,14662.01
4/3/13,14550.35
4/4/13,14606.11
4/5/13,14565.25
4/8/13,14613.48
4/9/13,14673.46
4/10/13,14802.24
4/11/13,14865.14
4/12/13,14865.06
4/15/13,14599.2
4/16/13,14756.78
4/17/13,14618.59
4/18/13,14537.14
4/19/13,14547.51
4/22/13,14567.17
4/23/13,14719.46
4/24/13,14676.3
4/25/13,14700.8
4/26/13,14712.55
4/29/13,14818.75
4/30/13,14839.8
5/1/13,14700.95
5/2/13,14831.58
5/3/13,14973.96
5/6/13,14968.89
5/7/13,15056.2
5/8/13,15105.12
5/9/13,15082.62
5/10/13,15118.49
5/13/13,15091.68
5/14/13,15215.25
5/15/13,15275.69
5/16/13,15233.22
5/17/13,15354.4
5/20/13,15335.28
5/21/13,15387.58
5/22/13,15307.17
5/23/13,15294.5
5/24/13,15303.1
5/27/13,.
5/28/13,15409.39
5/29/13,15302.8
5/30/13,15324.53
5/31/13,15115.57
6/3/13,15254.03
6/4/13,15177.54
6/5/13,14960.59
6/6/13,15040.62
6/7/13,15248.12
6/10/13,15238.59
6/11/13,15122.02
6/12/13,14995.23
6/13/13,15176.08
6/14/13,15070.18
6/17/13,15179.85
6/18/13,15318.23
6/19/13,15112.19
6/20/13,14758.32
6/21/13,14799.4
6/24/13,14659.56
6/25/13,14760.31
6/26/13,14910.14
6/27/13,15024.49
6/28/13,14909.6
7/1/13,14974.96
7/2/13,14932.41
7/3/13,14988.55
7/4/13,.
7/5/13,15135.84
7/8/13,15224.69
7/9/13,15300.34
7/10/13,15291.66
7/11/13,15460.92
7/12/13,15464.3
7/15/13,15484.26
7/16/13,15451.85
7/17/13,15470.52
7/18/13,15548.54
7/19/13,15543.74
7/22/13,15545.55
7/23/13,15567.74
7/24/13,15542.24
7/25/13,15555.61
7/26/13,15558.83
7/29/13,15521.97
7/30/13,15520.59
7/31/13,15499.54
8/1/13,15628.02
8/2/13,15658.36
8/5/13,15612.13
8/6/13,15518.74
8/7/13,15470.67
8/8/13,15498.32
8/9/13,15425.51
8/12/13,15419.68
8/13/13,15451.01
8/14/13,15337.66
8/15/13,15112.19
8/16/13,15081.47
8/19/13,15010.74
8/20/13,15002.99
8/21/13,14897.55
8/22/13,14963.74
8/23/13,15010.51
8/26/13,14946.46
8/27/13,14776.13
8/28/13,14824.51
8/29/13,14840.95
8/30/13,14810.31
9/2/13,.
9/3/13,14833.96
9/4/13,14930.87
9/5/13,14937.48
9/6/13,14922.5
9/9/13,15063.12
9/10/13,15191.06
9/11/13,15326.6
9/12/13,15300.64
9/13/13,15376.06
9/16/13,15494.78
9/17/13,15529.73
9/18/13,15676.94
9/19/13,15636.55
9/20/13,15451.09
9/23/13,15401.38
9/24/13,15334.59
9/25/13,15273.26
9/26/13,15328.3
9/27/13,15258.24
9/30/13,15129.67
10/1/13,15191.7
10/2/13,15133.14
10/3/13,14996.48
10/4/13,15072.58
10/7/13,14936.24
10/8/13,14776.53
10/9/13,14802.98
10/10/13,15126.07
10/11/13,15237.11
10/14/13,15301.26
10/15/13,15168.01
10/16/13,15373.83
10/17/13,15371.65
10/18/13,15399.65
10/21/13,15392.2
10/22/13,15467.66
10/23/13,15413.33
10/24/13,15509.21
10/25/13,15570.28
10/28/13,15568.93
10/29/13,15680.35
10/30/13,15618.76
10/31/13,15545.75
11/1/13,15615.55
11/4/13,15639.12
11/5/13,15618.22
11/6/13,15746.88
11/7/13,15593.98
11/8/13,15761.78
11/11/13,15783.1
11/12/13,15750.67
11/13/13,15821.63
11/14/13,15876.22
11/15/13,15961.7
11/18/13,15976.02
11/19/13,15967.03
11/20/13,15900.82
11/21/13,16009.99
11/22/13,16064.77
11/25/13,16072.54
11/26/13,16072.8
11/27/13,16097.33
11/28/13,.
11/29/13,16086.41
12/2/13,16008.77
12/3/13,15914.62
12/4/13,15889.77
12/5/13,15821.51
12/6/13,16020.2
12/9/13,16025.53
12/10/13,15973.13
12/11/13,15843.53
12/12/13,15739.43
12/13/13,15755.36
12/16/13,15884.57
12/17/13,15875.26
12/18/13,16167.97
12/19/13,16179.08
12/20/13,16221.14
12/23/13,16294.61
12/24/13,16357.55
12/25/13,.
12/26/13,16479.88
12/27/13,16478.41
12/30/13,16504.29
12/31/13,16576.66
1/1/14,.
1/2/14,16441.35
1/3/14,16469.99
1/6/14,16425.1
1/7/14,16530.94
1/8/14,16462.74
1/9/14,16444.76
1/10/14,16437.05
1/13/14,16257.94
1/14/14,16373.86
1/15/14,16481.94
1/16/14,16417.01
1/17/14,16458.56
1/20/14,.
1/21/14,16414.44
1/22/14,16373.34
1/23/14,16197.35
1/24/14,15879.11
1/27/14,15837.88
1/28/14,15928.56
1/29/14,15738.79
1/30/14,15848.61
1/31/14,15698.85
2/3/14,15372.8
2/4/14,15445.24
2/5/14,15440.23
2/6/14,15628.53
2/7/14,15794.08
2/10/14,15801.79
2/11/14,15994.77
2/12/14,15963.94
2/13/14,16027.59
2/14/14,16154.39
2/17/14,.
2/18/14,16130.4
2/19/14,16040.56
2/20/14,16133.23
2/21/14,16103.3
2/24/14,16207.14
2/25/14,16179.66
2/26/14,16198.41
2/27/14,16272.65
2/28/14,16321.71
3/3/14,16168.03
3/4/14,16395.88
3/5/14,16360.18
3/6/14,16421.89
3/7/14,16452.72
3/10/14,16418.68
3/11/14,16351.25
3/12/14,16340.08
3/13/14,16108.89
3/14/14,16065.67
3/17/14,16247.22
3/18/14,16336.19
3/19/14,16222.17
3/20/14,16331.05
3/21/14,16302.77
3/24/14,16276.69
3/25/14,16367.88
3/26/14,16268.99
3/27/14,16264.23
3/28/14,16323.06
3/31/14,16457.66
4/1/14,16532.61
4/2/14,16573
4/3/14,16572.55
4/4/14,16412.71
4/7/14,16245.87
4/8/14,16256.14
4/9/14,16437.18
4/10/14,16170.22
4/11/14,16026.75
4/14/14,16173.24
4/15/14,16262.56
4/16/14,16424.85
4/17/14,16408.54
4/18/14,.
4/21/14,16449.25
4/22/14,16514.37
4/23/14,16501.65
4/24/14,16501.65
4/25/14,16361.46
4/28/14,16448.74
4/29/14,16535.37
4/30/14,16580.84
5/1/14,16558.87
5/2/14,16512.89
5/5/14,16530.55
5/6/14,16401.02
5/7/14,16518.54
5/8/14,16550.97
5/9/14,16583.34
5/12/14,16695.47
5/13/14,16715.44
5/14/14,16613.97
5/15/14,16446.81
5/16/14,16491.31
5/19/14,16511.86
5/20/14,16374.31
5/21/14,16533.06
5/22/14,16543.08
5/23/14,16606.27
5/26/14,.
5/27/14,16675.5
5/28/14,16633.18
5/29/14,16698.74
5/30/14,16717.17
6/2/14,16743.63
6/3/14,16722.34
6/4/14,16737.53
6/5/14,16836.11
6/6/14,16924.28
6/9/14,16943.1
6/10/14,16945.92
6/11/14,16843.88
6/12/14,16734.19
6/13/14,16775.74
6/16/14,16781.01
6/17/14,16808.49
6/18/14,16906.62
6/19/14,16921.46
6/20/14,16947.08
6/23/14,16937.26
6/24/14,16818.13
6/25/14,16867.51
6/26/14,16846.13
6/27/14,16851.84
6/30/14,16826.6
7/1/14,16956.07
7/2/14,16976.24
7/3/14,17068.26
7/4/14,.
7/7/14,17024.21
7/8/14,16906.62
7/9/14,16985.61
7/10/14,16915.07
7/11/14,16943.81
7/14/14,17055.42
7/15/14,17060.68
7/16/14,17138.2
7/17/14,16976.81
7/18/14,17100.18
7/21/14,17051.73
7/22/14,17113.54
7/23/14,17086.63
7/24/14,17083.8
7/25/14,16960.57
7/28/14,16982.59
7/29/14,16912.11
7/30/14,16880.36
7/31/14,16563.3
8/1/14,16493.37
8/4/14,16569.28
8/5/14,16429.47
8/6/14,16443.34
8/7/14,16368.27
8/8/14,16553.93
8/11/14,16569.98
8/12/14,16560.54
8/13/14,16651.8
8/14/14,16713.58
8/15/14,16662.91
8/18/14,16838.74
8/19/14,16919.59
8/20/14,16979.13
8/21/14,17039.49
8/22/14,17001.22
8/25/14,17076.87
8/26/14,17106.7
8/27/14,17122.01
8/28/14,17079.57
8/29/14,17098.45
9/1/14,.
9/2/14,17067.56
9/3/14,17078.28
9/4/14,17069.58
9/5/14,17137.36
9/8/14,17111.42
9/9/14,17013.87
9/10/14,17068.71
9/11/14,17049
9/12/14,16987.51
9/15/14,17031.14
9/16/14,17131.97
9/17/14,17156.85
9/18/14,17265.99
9/19/14,17279.74
9/22/14,17172.68
9/23/14,17055.87
9/24/14,17210.06
9/25/14,16945.8
9/26/14,17113.15
9/29/14,17071.22
9/30/14,17042.9
10/1/14,16804.71
10/2/14,16801.05
10/3/14,17009.69
10/6/14,16991.91
10/7/14,16719.39
10/8/14,16994.22
10/9/14,16659.25
10/10/14,16544.1
10/13/14,16321.07
10/14/14,16315.19
10/15/14,16141.74
10/16/14,16117.24
10/17/14,16380.41
10/20/14,16399.67
10/21/14,16614.81
10/22/14,16461.32
10/23/14,16677.9
10/24/14,16805.41
10/27/14,16817.94
10/28/14,17005.75
10/29/14,16974.31
10/30/14,17195.42
10/31/14,17390.52
11/3/14,17366.24
11/4/14,17383.84
11/5/14,17484.53
11/6/14,17554.47
11/7/14,17573.93
11/10/14,17613.74
11/11/14,17614.9
11/12/14,17612.2
11/13/14,17652.79
11/14/14,17634.74
11/17/14,17647.75
11/18/14,17687.82
11/19/14,17685.73
11/20/14,17719
11/21/14,17810.06
11/24/14,17817.9
11/25/14,17814.94
11/26/14,17827.75
11/27/14,.
11/28/14,17828.24
12/1/14,17776.8
12/2/14,17879.55
12/3/14,17912.62
12/4/14,17900.1
12/5/14,17958.79
12/8/14,17852.48
12/9/14,17801.2
12/10/14,17533.15
12/11/14,17596.34
12/12/14,17280.83
12/15/14,17180.84
12/16/14,17068.87
12/17/14,17356.87
12/18/14,17778.15
12/19/14,17804.8
12/22/14,17959.44
12/23/14,18024.17
12/24/14,18030.21
12/25/14,.
12/26/14,18053.71
12/29/14,18038.23
12/30/14,17983.07
12/31/14,17823.07
1/1/15,.
1/2/15,17832.99
1/5/15,17501.65
1/6/15,17371.64
1/7/15,17584.52
1/8/15,17907.87
1/9/15,17737.37
1/12/15,17640.84
1/13/15,17613.68
1/14/15,17427.09
1/15/15,17320.71
1/16/15,17511.57
1/19/15,.
1/20/15,17515.23
1/21/15,17554.28
1/22/15,17813.98
1/23/15,17672.6
1/26/15,17678.7
1/27/15,17387.21
1/28/15,17191.37
1/29/15,17416.85
1/30/15,17164.95
2/2/15,17361.04
2/3/15,17666.4
2/4/15,17673.02
2/5/15,17884.88
2/6/15,17824.29
2/9/15,17729.21
2/10/15,17868.76
2/11/15,17862.14
2/12/15,17972.38
2/13/15,18019.35
2/16/15,.
2/17/15,18047.58
2/18/15,18029.85
2/19/15,17985.77
2/20/15,18140.44
2/23/15,18116.84
2/24/15,18209.19
2/25/15,18224.57
2/26/15,18214.42
2/27/15,18132.7
3/2/15,18288.63
3/3/15,18203.37
3/4/15,18096.9
3/5/15,18135.72
3/6/15,17856.78
3/9/15,17995.72
3/10/15,17662.94
3/11/15,17635.39
3/12/15,17895.22
3/13/15,17749.31
3/16/15,17977.42
3/17/15,17849.08
3/18/15,18076.19
3/19/15,17959.03
3/20/15,18127.65
3/23/15,18116.04
3/24/15,18011.14
3/25/15,17718.54
3/26/15,17678.23
3/27/15,17712.66
3/30/15,17976.31
3/31/15,17776.12
4/1/15,17698.18
4/2/15,17763.24
4/3/15,.
4/6/15,17880.85
4/7/15,17875.42
4/8/15,17902.51
4/9/15,17958.73
4/10/15,18057.65
4/13/15,17977.04
4/14/15,18036.7
4/15/15,18112.61
4/16/15,18105.77
4/17/15,17826.3
4/20/15,18034.93
4/21/15,17949.59
4/22/15,18038.27
4/23/15,18058.69
4/24/15,18080.14
4/27/15,18037.97
4/28/15,18110.14
4/29/15,18035.53
4/30/15,17840.52
5/1/15,18024.06
5/4/15,18070.4
5/5/15,17928.2
5/6/15,17841.98
5/7/15,17924.06
5/8/15,18191.11
5/11/15,18105.17
5/12/15,18068.23
5/13/15,18060.49
5/14/15,18252.24
5/15/15,18272.56
5/18/15,18298.88
5/19/15,18312.39
5/20/15,18285.4
5/21/15,18285.74
5/22/15,18232.02
5/25/15,.
5/26/15,18041.54
5/27/15,18162.99
5/28/15,18126.12
5/29/15,18010.68
6/1/15,18040.37
6/2/15,18011.94
6/3/15,18076.27
6/4/15,17905.58
6/5/15,17849.46
6/8/15,17766.55
6/9/15,17764.04
6/10/15,18000.4
6/11/15,18039.37
6/12/15,17898.84
6/15/15,17791.17
6/16/15,17904.48
6/17/15,17935.74
6/18/15,18115.84
6/19/15,18015.95
6/22/15,18119.78
6/23/15,18144.07
6/24/15,17966.07
6/25/15,17890.36
6/26/15,17946.68
6/29/15,17596.35
6/30/15,17619.51
7/1/15,17757.91
7/2/15,17730.11
7/3/15,.
7/6/15,17683.58
7/7/15,17776.91
7/8/15,17515.42
7/9/15,17548.62
7/10/15,17760.41
7/13/15,17977.68
7/14/15,18053.58
7/15/15,18050.17
7/16/15,18120.25
7/17/15,18086.45
7/20/15,18100.41
7/21/15,17919.29
7/22/15,17851.04
7/23/15,17731.92
7/24/15,17568.53
7/27/15,17440.59
7/28/15,17630.27
7/29/15,17751.39
7/30/15,17745.98
7/31/15,17689.86
8/3/15,17598.2
8/4/15,17550.69
8/5/15,17540.47
8/6/15,17419.75
8/7/15,17373.38
8/10/15,17615.17
8/11/15,17402.84
8/12/15,17402.51
8/13/15,17408.25
8/14/15,17477.4
8/17/15,17545.18
8/18/15,17511.34
8/19/15,17348.73
8/20/15,16990.69
8/21/15,16459.75
8/24/15,15871.35
8/25/15,15666.44
8/26/15,16285.51
8/27/15,16654.77
8/28/15,16643.01
8/31/15,16528.03
9/1/15,16058.35
9/2/15,16351.38
9/3/15,16374.76
9/4/15,16102.38
9/7/15,.
9/8/15,16492.68
9/9/15,16253.57
9/10/15,16330.4
9/11/15,16433.09
9/14/15,16370.96
9/15/15,16599.85
9/16/15,16739.95
9/17/15,16674.74
9/18/15,16384.58
9/21/15,16510.19
9/22/15,16330.47
9/23/15,16279.89
9/24/15,16201.32
9/25/15,16314.67
9/28/15,16001.89
9/29/15,16049.13
9/30/15,16284.7
10/1/15,16272.01
10/2/15,16472.37
10/5/15,16776.43
10/6/15,16790.19
10/7/15,16912.29
10/8/15,17050.75
10/9/15,17084.49
10/12/15,17131.86
10/13/15,17081.89
10/14/15,16924.75
10/15/15,17141.75
10/16/15,17215.97
10/19/15,17230.54
10/20/15,17217.11
10/21/15,17168.61
10/22/15,17489.16
10/23/15,17646.7
10/26/15,17623.05
10/27/15,17581.43
10/28/15,17779.52
10/29/15,17755.8
10/30/15,17663.54
11/2/15,17828.76
11/3/15,17918.15
11/4/15,17867.58
11/5/15,17863.43
11/6/15,17910.33
11/9/15,17730.48
11/10/15,17758.21
11/11/15,17702.22
11/12/15,17448.07
11/13/15,17245.24
11/16/15,17483.01
11/17/15,17489.5
11/18/15,17737.16
11/19/15,17732.75
11/20/15,17823.81
11/23/15,17792.68
11/24/15,17812.19
11/25/15,17813.39
11/26/15,.
11/27/15,17798.49
11/30/15,17719.92
12/1/15,17888.35
12/2/15,17729.68
12/3/15,17477.67
12/4/15,17847.63
12/7/15,17730.51
12/8/15,17568
12/9/15,17492.3
12/10/15,17574.75
12/11/15,17265.21
12/14/15,17368.5
12/15/15,17524.91
12/16/15,17749.09
12/17/15,17495.84
12/18/15,17128.55
12/21/15,17251.62
12/22/15,17417.27
12/23/15,17602.61
12/24/15,17552.17
12/25/15,.
12/28/15,17528.27
12/29/15,17720.98
12/30/15,17603.87
12/31/15,17425.03
1/1/16,.
1/4/16,17148.94
1/5/16,17158.66
1/6/16,16906.51
1/7/16,16514.1
1/8/16,16346.45
1/11/16,16398.57
1/12/16,16516.22
1/13/16,16151.41
1/14/16,16379.05
1/15/16,15988.08
1/18/16,.
1/19/16,16016.02
1/20/16,15766.74
1/21/16,15882.68
1/22/16,16093.51
1/25/16,15885.22
1/26/16,16167.23
1/27/16,15944.46
1/28/16,16069.64
1/29/16,16466.3
2/1/16,16449.18
2/2/16,16153.54
2/3/16,16336.66
2/4/16,16416.58
2/5/16,16204.97
2/8/16,16027.05
2/9/16,16014.38
2/10/16,15914.74
2/11/16,15660.18
2/12/16,15973.84
2/15/16,.
2/16/16,16196.41
2/17/16,16453.83
2/18/16,16413.43
2/19/16,16391.99
2/22/16,16620.66
2/23/16,16431.78
2/24/16,16484.99
2/25/16,16697.29
2/26/16,16639.97
2/29/16,16516.5
3/1/16,16865.08
3/2/16,16899.32
3/3/16,16943.9
3/4/16,17006.77
3/7/16,17073.95
3/8/16,16964.1
3/9/16,17000.36
3/10/16,16995.13
3/11/16,17213.31
3/14/16,17229.13
3/15/16,17251.53
3/16/16,17325.76
3/17/16,17481.49
3/18/16,17602.3
3/21/16,17623.87
3/22/16,17582.57
3/23/16,17502.59
3/24/16,17515.73
3/25/16,.
3/28/16,17535.39
3/29/16,17633.11
3/30/16,17716.66
3/31/16,17685.09
4/1/16,17792.75
4/4/16,17737
4/5/16,17603.32
4/6/16,17716.05
4/7/16,17541.96
4/8/16,17576.96
4/11/16,17556.41
4/12/16,17721.25
4/13/16,17908.28
4/14/16,17926.43
4/15/16,17897.46
4/18/16,18004.16
4/19/16,18053.6
4/20/16,18096.27
4/21/16,17982.52
4/22/16,18003.75
4/25/16,17977.24
4/26/16,17990.32
4/27/16,18041.55
4/28/16,17830.76
4/29/16,17773.64
5/2/16,17891.16
5/3/16,17750.91
5/4/16,17651.26
5/5/16,17660.71
5/6/16,17740.63
5/9/16,17705.91
5/10/16,17928.35
5/11/16,17711.12
5/12/16,17720.5
5/13/16,17535.32
5/16/16,17710.71
5/17/16,17529.98
5/18/16,17526.62
5/19/16,17435.4
5/20/16,17500.94
5/23/16,17492.93
5/24/16,17706.05
5/25/16,17851.51
5/26/16,17828.29
5/27/16,17873.22
5/30/16,.
5/31/16,17787.2
6/1/16,17789.67
6/2/16,17838.56
6/3/16,17807.06
6/6/16,17920.33
6/7/16,17938.28
6/8/16,18005.05
6/9/16,17985.19
6/10/16,17865.34
6/13/16,17732.48
6/14/16,17674.82
6/15/16,17640.17
6/16/16,17733.1
6/17/16,17675.16
6/20/16,17804.87
6/21/16,17829.73
6/22/16,17780.83
6/23/16,18011.07
6/24/16,17400.75
6/27/16,17140.24
6/28/16,17409.72
6/29/16,17694.68
6/30/16,17929.99
7/1/16,17949.37
7/4/16,.
7/5/16,17840.62
7/6/16,17918.62
7/7/16,17895.88
7/8/16,18146.74
7/11/16,18226.93
7/12/16,18347.67
7/13/16,18372.12
7/14/16,18506.41
7/15/16,18516.55
7/18/16,18533.05
7/19/16,18559.01
7/20/16,18595.03
7/21/16,18517.23
7/22/16,18570.85
7/25/16,18493.06
7/26/16,18473.75
7/27/16,18472.17
7/28/16,18456.35
7/29/16,18432.24
8/1/16,18404.51
8/2/16,18313.77
8/3/16,18355
8/4/16,18352.05
8/5/16,18543.53
8/8/16,18529.29
8/9/16,18533.05
8/10/16,18495.66
8/11/16,18613.52
8/12/16,18576.47
8/15/16,18636.05
8/16/16,18552.02
8/17/16,18573.94
8/18/16,18597.7
8/19/16,18552.57
8/22/16,18529.42
8/23/16,18547.3
8/24/16,18481.48
8/25/16,18448.41
8/26/16,18395.4
8/29/16,18502.99
8/30/16,18454.3
8/31/16,18400.88
9/1/16,18419.3
9/2/16,18491.96
9/5/16,.
9/6/16,18538.12
9/7/16,18526.14
9/8/16,18479.91
9/9/16,18085.45
9/12/16,18325.07
9/13/16,18066.75
9/14/16,18034.77
9/15/16,18212.48
9/16/16,18123.8
9/19/16,18120.17
9/20/16,18129.96
9/21/16,18293.7
9/22/16,18392.46
9/23/16,18261.45
9/26/16,18094.83
9/27/16,18228.3
9/28/16,18339.24
9/29/16,18143.45
9/30/16,18308.15
10/3/16,18253.85
10/4/16,18168.45
10/5/16,18281.03
10/6/16,18268.5
10/7/16,18240.49
10/10/16,18329.04
10/11/16,18128.66
10/12/16,18144.2
10/13/16,18098.94
10/14/16,18138.38
10/17/16,18086.4
10/18/16,18161.94
10/19/16,18202.62
10/20/16,18162.35
10/21/16,18145.71
10/24/16,18223.03
10/25/16,18169.27
10/26/16,18199.33
10/27/16,18169.68
10/28/16,18161.19
10/31/16,18142.42
11/1/16,18037.1
11/2/16,17959.64
11/3/16,17930.67
11/4/16,17888.28
11/7/16,18259.6
11/8/16,18332.74
11/9/16,18589.69
11/10/16,18807.88
11/11/16,18847.66
11/14/16,18868.69
11/15/16,18923.06
11/16/16,18868.14
11/17/16,18903.82
11/18/16,18867.93
11/21/16,18956.69
11/22/16,19023.87
11/23/16,19083.18
11/24/16,.
11/25/16,19152.14
11/28/16,19097.9
11/29/16,19121.6
11/30/16,19123.58
12/1/16,19191.93
12/2/16,19170.42
12/5/16,19216.24
12/6/16,19251.78
12/7/16,19549.62
12/8/16,19614.81
12/9/16,19756.85
12/12/16,19796.43
12/13/16,19911.21
12/14/16,19792.53
12/15/16,19852.24
12/16/16,19843.41
12/19/16,19883.06
12/20/16,19974.62
12/21/16,19941.96
12/22/16,19918.88
12/23/16,19933.81
12/26/16,.
12/27/16,19945.04
12/28/16,19833.68
12/29/16,19819.78
12/30/16,19762.6
1/2/17,.
1/3/17,19881.76
1/4/17,19942.16
1/5/17,19899.29
1/6/17,19963.8
1/9/17,19887.38
1/10/17,19855.53
1/11/17,19954.28
1/12/17,19891
1/13/17,19885.73
1/16/17,.
1/17/17,19826.77
1/18/17,19804.72
1/19/17,19732.4
1/20/17,19827.25
1/23/17,19799.85
1/24/17,19912.71
1/25/17,20068.51
1/26/17,20100.91
1/27/17,20093.78
1/30/17,19971.13
1/31/17,19864.09
2/1/17,19890.94
2/2/17,19884.91
2/3/17,20071.46
2/6/17,20052.42
2/7/17,20090.29
2/8/17,20054.34
2/9/17,20172.4
2/10/17,20269.37
2/13/17,20412.16
2/14/17,20504.41
2/15/17,20611.86
2/16/17,20619.77
2/17/17,20624.05
2/20/17,.
2/21/17,20743
2/22/17,20775.6
2/23/17,20810.32
2/24/17,20821.76
2/27/17,20837.44
2/28/17,20812.24
3/1/17,21115.55
3/2/17,21002.97
3/3/17,21005.71
3/6/17,20954.34
3/7/17,20924.76
3/8/17,20855.73
3/9/17,20858.19
3/10/17,20902.98
3/13/17,20881.48
3/14/17,20837.37
3/15/17,20950.1
3/16/17,20934.55
3/17/17,20914.62
3/20/17,20905.86
3/21/17,20668.01
3/22/17,20661.3
3/23/17,20656.58
3/24/17,20596.72
3/27/17,20550.98
3/28/17,20701.5
3/29/17,20659.32
3/30/17,20728.49
3/31/17,20663.22
4/3/17,20650.21
4/4/17,20689.24
4/5/17,20648.15
4/6/17,20662.95
4/7/17,20656.1
4/10/17,20658.02
4/11/17,20651.3
4/12/17,20591.86
4/13/17,20453.25
4/14/17,.
4/17/17,20636.92
4/18/17,20523.28
4/19/17,20404.49
4/20/17,20578.71
4/21/17,20547.76
4/24/17,20763.89
4/25/17,20996.12
4/26/17,20975.09
4/27/17,20981.33
4/28/17,20940.51
5/1/17,20913.46
5/2/17,20949.89
5/3/17,20957.9
5/4/17,20951.47
5/5/17,21006.94
5/8/17,21012.28
5/9/17,20975.78
5/10/17,20943.11
5/11/17,20919.42
5/12/17,20896.61
5/15/17,20981.94
5/16/17,20979.75
5/17/17,20606.93
5/18/17,20663.02
5/19/17,20804.84
5/22/17,20894.83
5/23/17,20937.91
5/24/17,21012.42
5/25/17,21082.95
5/26/17,21080.28
5/29/17,.
5/30/17,21029.47
5/31/17,21008.65
6/1/17,21144.18
6/2/17,21206.29
6/5/17,21184.04
6/6/17,21136.23
6/7/17,21173.69
6/8/17,21182.53
6/9/17,21271.97
6/12/17,21235.67
6/13/17,21328.47
6/14/17,21374.56
6/15/17,21359.9
6/16/17,21384.28
6/19/17,21528.99
6/20/17,21467.14
6/21/17,21410.03
6/22/17,21397.29
6/23/17,21394.76
6/26/17,21409.55
6/27/17,21310.66
6/28/17,21454.61
6/29/17,21287.03
6/30/17,21349.63
7/3/17,21479.27
7/4/17,.
7/5/17,21478.17
7/6/17,21320.04
7/7/17,21414.34
7/10/17,21408.52
7/11/17,21409.07
7/12/17,21532.14
7/13/17,21553.09
7/14/17,21637.74
7/17/17,21629.72
7/18/17,21574.73
7/19/17,21640.75
7/20/17,21611.78
7/21/17,21580.07
7/24/17,21513.17
7/25/17,21613.43
7/26/17,21711.01
7/27/17,21796.55
7/28/17,21830.31
7/31/17,21891.12
8/1/17,21963.92
8/2/17,22016.24
8/3/17,22026.1
8/4/17,22092.81
8/7/17,22118.42
8/8/17,22085.34
8/9/17,22048.7
8/10/17,21844.01
8/11/17,21858.32
8/14/17,21993.71
8/15/17,21998.99
8/16/17,22024.87
8/17/17,21750.73
8/18/17,21674.51
8/21/17,21703.75
8/22/17,21899.89
8/23/17,21812.09
8/24/17,21783.4
8/25/17,21813.67
8/28/17,21808.4
8/29/17,21865.37
8/30/17,21892.43
8/31/17,21948.1
9/1/17,21987.56
9/4/17,.
9/5/17,21753.31
9/6/17,21807.64
9/7/17,21784.78
9/8/17,21797.79
9/11/17,22057.37
9/12/17,22118.86
9/13/17,22158.18
9/14/17,22203.48
9/15/17,22268.34
9/18/17,22331.35
9/19/17,22370.8
9/20/17,22412.59
9/21/17,22359.23
9/22/17,22349.59
9/25/17,22296.09
9/26/17,22284.32
9/27/17,22340.71
9/28/17,22381.2
9/29/17,22405.09
10/2/17,22557.6
10/3/17,22641.67
10/4/17,22661.64
10/5/17,22775.39
10/6/17,22773.67
10/9/17,22761.07
10/10/17,22830.68
10/11/17,22872.89
10/12/17,22841.01
10/13/17,22871.72
10/16/17,22956.96
10/17/17,22997.44
10/18/17,23157.6
10/19/17,23163.04
10/20/17,23328.63
10/23/17,23273.96
10/24/17,23441.76
10/25/17,23329.46
10/26/17,23400.86
10/27/17,23434.19
10/30/17,23348.74
10/31/17,23377.24
11/1/17,23435.01
11/2/17,23516.26
11/3/17,23539.19
11/6/17,23548.42
11/7/17,23557.23
11/8/17,23563.36
11/9/17,23461.94
11/10/17,23422.21
11/13/17,23439.7
11/14/17,23409.47
11/15/17,23271.28
11/16/17,23458.36
11/17/17,23358.24
11/20/17,23430.33
11/21/17,23590.83
11/22/17,23526.18
11/23/17,.
11/24/17,23557.99
11/27/17,23580.78
11/28/17,23836.71
11/29/17,23940.68
11/30/17,24272.35
12/1/17,24231.59
12/4/17,24290.05
12/5/17,24180.64
12/6/17,24140.91
12/7/17,24211.48
12/8/17,24329.16
12/11/17,24386.03
12/12/17,24504.8
12/13/17,24585.43
12/14/17,24508.66
12/15/17,24651.74
12/18/17,24792.2
12/19/17,24754.75
12/20/17,24726.65
12/21/17,24782.29
12/22/17,24754.06
12/25/17,.
12/26/17,24746.21
12/27/17,24774.3
12/28/17,24837.51
12/29/17,24719.22
1/1/18,.
1/2/18,24824.01
1/3/18,24922.68
1/4/18,25075.13
1/5/18,25295.87
1/8/18,25283
1/9/18,25385.8
1/10/18,25369.13
1/11/18,25574.73
1/12/18,25803.19
1/15/18,.
1/16/18,25792.86
1/17/18,26115.65
1/18/18,26017.81
1/19/18,26071.72
1/22/18,26214.6
1/23/18,26210.81
1/24/18,26252.12
1/25/18,26392.79
1/26/18,26616.71
1/29/18,26439.48
1/30/18,26076.89
1/31/18,26149.39
2/1/18,26186.71
2/2/18,25520.96
2/5/18,24345.75
2/6/18,24912.77
2/7/18,24893.35
2/8/18,23860.46
2/9/18,24190.9
2/12/18,24601.27
2/13/18,24640.45
2/14/18,24893.49
2/15/18,25200.37
2/16/18,25219.38
2/19/18,.
2/20/18,24964.75
2/21/18,24797.78
2/22/18,24962.48
2/23/18,25309.99
2/26/18,25709.27
2/27/18,25410.03
2/28/18,25029.2
3/1/18,24608.98
3/2/18,24538.06
3/5/18,24874.76
3/6/18,24884.12
3/7/18,24801.36
3/8/18,24895.21
3/9/18,25335.74
3/12/18,25178.61
3/13/18,25007.03
3/14/18,24758.12
3/15/18,24873.66
3/16/18,24946.51
3/19/18,24610.91
3/20/18,24727.27
3/21/18,24682.31
3/22/18,23957.89
3/23/18,23533.2
3/26/18,24202.6
3/27/18,23857.71
3/28/18,23848.42
3/29/18,24103.11
3/30/18,.
4/2/18,23644.19
4/3/18,24033.36
4/4/18,24264.3
4/5/18,24505.22
4/6/18,23932.76
4/9/18,23979.1
4/10/18,24408
4/11/18,24189.45
4/12/18,24483.05
4/13/18,24360.14
4/16/18,24573.04
4/17/18,24786.63
4/18/18,24748.07
4/19/18,24664.89
4/20/18,24462.94
4/23/18,24448.69
4/24/18,24024.13
4/25/18,24083.83
4/26/18,24322.34
4/27/18,24311.19
4/30/18,24163.15
5/1/18,24099.05
5/2/18,23924.98
5/3/18,23930.15
5/4/18,24262.51
5/7/18,24357.32
5/8/18,24360.21
5/9/18,24542.54
5/10/18,24739.53
5/11/18,24831.17
5/14/18,24899.41
5/15/18,24706.41
5/16/18,24768.93
5/17/18,24713.98
5/18/18,24715.09
5/21/18,25013.29
5/22/18,24834.41
5/23/18,24886.81
5/24/18,24811.76
5/25/18,24753.09
5/28/18,.
5/29/18,24361.45
5/30/18,24667.78
5/31/18,24415.84
6/1/18,24635.21
6/4/18,24813.69
6/5/18,24799.98
6/6/18,25146.39
6/7/18,25241.41
6/8/18,25316.53
6/11/18,25322.31
6/12/18,25320.73
6/13/18,25201.2
6/14/18,25175.31
6/15/18,25090.48
6/18/18,24987.47
6/19/18,24700.21
6/20/18,24657.8
6/21/18,24461.7
6/22/18,24580.89
6/25/18,24252.8
6/26/18,24283.11
6/27/18,24117.59
6/28/18,24216.05
6/29/18,24271.41
7/2/18,24307.18
7/3/18,24174.82
7/4/18,.
7/5/18,24356.74
7/6/18,24456.48
7/9/18,24776.59
7/10/18,24919.66
7/11/18,24700.45
7/12/18,24924.89
7/13/18,25019.41
7/16/18,25064.36
7/17/18,25119.89
7/18/18,25199.29
7/19/18,25064.5
7/20/18,25058.12
7/23/18,25044.29
7/24/18,25241.94
7/25/18,25414.1
7/26/18,25527.07
7/27/18,25451.06
7/30/18,25306.83
7/31/18,25415.19
8/1/18,25333.82
8/2/18,25326.16
8/3/18,25462.58
8/6/18,25502.18
8/7/18,25628.91
8/8/18,25583.75
8/9/18,25509.23
8/10/18,25313.14
8/13/18,25187.7
8/14/18,25299.92
8/15/18,25162.41
8/16/18,25558.73
8/17/18,25669.32
8/20/18,25758.69
8/21/18,25822.29
8/22/18,25733.6
8/23/18,25656.98
8/24/18,25790.35
8/27/18,26049.64
8/28/18,26064.02
8/29/18,26124.57
8/30/18,25986.92
8/31/18,25964.82
9/3/18,.
9/4/18,25952.48
9/5/18,25974.99
9/6/18,25995.87
9/7/18,25916.54
9/10/18,25857.07
9/11/18,25971.06
9/12/18,25998.92
9/13/18,26145.99
9/14/18,26154.67
9/17/18,26062.12
9/18/18,26246.96
9/19/18,26405.76
9/20/18,26656.98
9/21/18,26743.5
9/24/18,26562.05
9/25/18,26492.21
9/26/18,26385.28
9/27/18,26439.93
9/28/18,26458.31
10/1/18,26651.21
10/2/18,26773.94
10/3/18,26828.39
10/4/18,26627.48
10/5/18,26447.05
10/8/18,.
10/9/18,26430.57
10/10/18,25598.74
10/11/18,25052.83
10/12/18,25339.99
10/15/18,25250.55
10/16/18,25798.42
10/17/18,25706.68
10/18/18,25379.45
10/19/18,25444.34
10/22/18,25317.41
10/23/18,25191.43
10/24/18,24583.42
10/25/18,24984.55
10/26/18,24688.31
10/29/18,24442.92
10/30/18,24874.64
10/31/18,25115.76
11/1/18,25380.74
11/2/18,25270.83
11/5/18,25461.7
11/6/18,25635.01
11/7/18,26180.3
11/8/18,26191.22
11/9/18,25989.3
11/12/18,.
11/13/18,25286.49
11/14/18,25080.5
11/15/18,25289.27
11/16/18,25413.22
11/19/18,25017.44
11/20/18,24465.64
11/21/18,24464.69
11/22/18,.
11/23/18,24285.95
11/26/18,24640.24
11/27/18,24748.73
11/28/18,25366.43
11/29/18,25338.84
11/30/18,25538.46
12/3/18,25826.43
12/4/18,25027.07
12/5/18,.
12/6/18,24947.67
12/7/18,24388.95
12/10/18,24423.26
12/11/18,24370.24
12/12/18,24527.27
12/13/18,24597.38
12/14/18,24100.51
12/17/18,23592.98
12/18/18,23675.64
12/19/18,23323.66
12/20/18,22859.6
12/21/18,22445.37
12/24/18,21792.2
12/25/18,.
12/26/18,22878.45
12/27/18,23138.82
12/28/18,23062.4
12/31/18,23327.46
1/1/19,.
1/2/19,23346.24
1/3/19,22686.22
1/4/19,23433.16
1/7/19,23531.35
1/8/19,23787.45
1/9/19,23879.12
1/10/19,24001.92